"title","body","rating","reviewer_name","review_date","product_title"
"","Ich habe 75B und finde normalerweise nie was, das ohne Bügel hält. Das hier hält. Keine Ahnung wie, aber es hält.","5","Anna S.","2026-02-25","Pyjama-Set Luna"
"","sitzt einfach. ich merke es nicht mehr wenn ich es anhabe und das ist bei mir das höchste lob","5","Mareike Schulz","2026-06-13","Triangel-BH Romy"
"","Endlich mal ein Bralette, bei dem der Unterbrustgummi nicht hochrutscht sobald ich die Arme hebe. Habe im Büro den ganzen Tag getestet.","5","Pia Kaiser","2026-03-03","Slip Greta"
"","Nach zwei Kindern hat sich bei mir viel verändert und ich hatte die Hoffnung schon aufgegeben. Das Set sitzt besser als alles was ich in den letzten fünf Jahren probiert habe.","5","Kerstin Lange","2026-05-30","Hipster Tilda"
"","Träger rutschen nicht. Punkt. Danke.","5","Michael Simon","2026-04-26","Slip Greta (2er-Pack)"
"","Habe S bestellt bei 1,68m und 58kg, passt wie angegossen","5","Pia Roth","2026-02-01","Slip Greta (2er-Pack)"
"","Der Rückenteil schneidet nicht ein, auch nicht nach acht Stunden sitzen. Bei meinem alten Sloggi hatte ich immer diesen roten Streifen.","5","Petra Neumann","2026-06-29","Slip Greta"
"","Ich bin sehr schmal gebaut und bei mir schlackert sonst alles. Hier nicht.","4","Katharina Becker","2026-03-14","Slip Greta (2er-Pack)"
"","Sitzt gut, aber die Träger sind mir persönlich einen Hauch zu lang. Kann man verstellen, also kein Drama.","4","Doro Werner","2025-06-14","Bralette Ida"
"","was soll ich sagen. ich habe es angezogen und wollte es nicht mehr ausziehen. mein freund fand das weniger praktisch","5","Doro Seidel","2026-02-22","Slip Greta (2er-Pack)"
"","Perfekter Sitz auch beim Radfahren zur Arbeit, nichts verschiebt sich.","5","Sarah Neumann","2026-05-26","Slip Greta (2er-Pack)"
"","Bei grosser Oberweite (80D) meistens ein Problem: entweder Halt oder Komfort. Hier zum ersten Mal beides gleichzeitig.","5","Elif Braun","2026-03-12","Slip Greta"
"","Zwickt nirgends. Ich habe es bewusst mal einen ganzen Tag mit einem engen Rippshirt drüber getragen und es hat sich nichts abgezeichnet.","5","Jana Schulz","2026-05-16","Bralette Ida"
"","Hatte erst Sorge dass es zu locker ist weil es sich so weich anfühlt. Falscher Alarm, der Halt ist da.","5","Petra Lorenz","2025-10-23","Body Fee"
"","sitzt, passt, wackelt nicht und hat luft","5","Elif Seidel","2026-07-20","Slip Greta"
"","Der Beinausschnitt beim Slip liegt flach an und rollt sich nicht ein. Klingt nach einer Kleinigkeit, ist aber genau das was mich sonst immer stört.","5","Kerstin Wagner","2026-03-25","Slip Greta"
"","Ich trage sonst ausschliesslich Calida und wollte eigentlich nur mal vergleichen. Der Sitz ist hier ehrlich gesagt besser.","5","Carola Simon","2025-06-26","Bustier Nel"
"","Nach dem Waschen sitzt es genauso wie vorher, das ist bei mir bisher bei keinem Bralette so gewesen.","5","Lisa Krüger","2025-08-05","Soft-Bralette Ida"
"","Etwas eng am Anfang, nach zwei Tagen tragen hat es sich angepasst und jetzt ist es perfekt.","4","Felix Fischer","2026-02-12","Hipster Tilda"
"","Ich habe das Teil beim Wandern getragen, sechs Stunden, Rucksack auf. Keine Druckstellen an den Trägern.","5","Svenja Hoffmann","2025-12-19","Bustier Nel"
"","Sehr bequem, sitzt aber bei mir etwas höher als auf den Produktfotos.","4","Heike S.","2026-04-21","Bralette Ida"
"","endlich keine bügel mehr die mir in die rippen pieksen","5","Anna Fischer","2026-01-15","Body Fee"
"","Bin 1,80m und habe lange Probleme mit zu kurzen Oberteilen. Der Body sitzt in der Länge tatsächlich richtig.","5","Lena Werner","2026-05-31","Bralette Ida"
"","Sitzt beim Yoga besser als mein eigentliches Sport-Top. Nicht der geplante Einsatzzweck, aber ich nehme es.","5","Heike Fischer","2026-07-11","Panty Marla"
"","Ich habe drei verschiedene Größen bestellt weil ich unsicher war. M war richtig. Retoure der anderen beiden ging problemlos.","5","Yasmin Müller","2026-06-24","Body Fee"
"","Auch nach dem Stillen noch angenehm, ich musste nichts neu kaufen weil es mitgeht.","5","Michael Müller","2025-07-13","Slip Greta (2er-Pack)"
"","Der Sitz ist toll, ich hätte nur gern die gleiche Passform mit etwas mehr Bedeckung an der Seite.","4","Doro Lange","2026-02-28","Bralette Ida"
"","hält was es verspricht, sitzt bombe","5","Doro Weber","2026-06-02","Pyjama-Set Luna"
"","Habe eine kleine Skoliose und bei mir sitzen BHs immer schief. Das hier ist das erste, bei dem man es nicht sieht.","5","Yasmin Müller","2026-07-15","Panty Marla"
"","Sitzt so gut dass ich zwei weitere in anderen Farben bestellt habe, bevor ich diese Bewertung geschrieben habe.","5","Pia S.","2026-07-08","Bustier Nel"
"","Der Stoff ist so weich, dass ich beim Auspacken kurz gelacht habe. Das ist nämlich albern, aber ich habe es tatsächlich erst an die Wange gehalten.","5","Felix M.","2026-04-22","Hipster Tilda"
"","fühlt sich an wie nichts. im besten sinne","5","Lena Werner","2026-06-11","Slip Greta"
"","Ich habe eine Neurodermitis-Neigung und reagiere auf fast alle Nähte. Hier bisher null Probleme, auch nach mehreren Wochen.","5","Lena Krüger","2026-06-13","Triangel-BH Romy"
"","Kratzt nicht, pieksen tut auch nichts, und das Etikett ist aufgedruckt statt eingenäht. Wer sowas entscheidet, hat verstanden.","5","Tanja Kaiser","2026-04-10","Slip Greta"
"","Das Material ist deutlich dicker als erwartet, im positiven Sinne. Fühlt sich nicht nach Wegwerfware an.","5","Kerstin Krüger","2025-08-24","Slip Greta"
"","sehr angenehm auf der haut, kein vergleich zu meinem alten zeug von h&m","5","Felix B.","2026-02-25","Bustier Nel"
"","Ich schwitze schnell und trage viel Synthetik im Büro. Hier bleibt es trocken, das war für mich der Unterschied.","5","Michael Vogel","2026-03-02","Panty Marla"
"","Bin von der Haptik ehrlich überrascht. Bei dem Preis hatte ich mit weniger gerechnet und dann kam das raus.","5","Yasmin Peters","2026-04-25","Slip Greta (2er-Pack)"
"","Sehr weich, aber nach der zweiten Wäsche fühlt es sich einen Hauch rauer an als am Anfang. Immer noch gut, nur nicht mehr ganz so.","4","Yasmin Vogel","2025-12-08","Panty Marla"
"","Der Unterschied zu meinem alten Set ist so gross, dass ich das alte direkt in die Altkleidersammlung gegeben habe.","5","Meike Seidel","2026-01-26","Triangel-BH Romy"
"","atmungsaktiv ohne dass es sich billig anfühlt. weiss nicht wie das geht","5","Nadine Neumann","2026-04-16","Soft-Bralette Ida"
"","Ich mag den leichten Glanz am Rand, das sieht hochwertig aus und fühlt sich auch so an.","5","Franziska Peters","2025-08-26","Pyjama-Set Luna"
"","Für mich zu weich, ich mag es lieber etwas fester. Ist Geschmackssache, die Qualität ist objektiv gut.","3","Melanie Fischer","2026-03-08","Hipster Tilda"
"","Meine Tochter hat es angefasst und gefragt ob sie auch so eins bekommt. Sie ist 14, das ist eine Auszeichnung.","5","Lisa Köhler","2026-05-17","Slip Greta (2er-Pack)"
"","Trage es unter dem Hemd bei 32 Grad, kein Kleben, kein Jucken. Kann ich für den Sommer klar empfehlen.","5","Michael Lange","2026-07-14","Soft-Bralette Ida"
"","die Nähte merkt man einfach nicht. ich habe extra danach gesucht","5","Nadine Brandt","2026-04-05","Bustier Nel"
"","Angenehmer Stoff, aber er nimmt Fusseln von dunklen Pullis an. Muss man wissen.","4","Julia Hoffmann","2025-07-05","Panty Marla"
"","Habe im Laden bei einer bekannten Kette das Gleiche für 12 Euro angefasst. Man merkt sofort wo der Unterschied liegt.","5","Lisa Müller","2026-02-13","Slip Greta (2er-Pack)"
"","Fühlt sich beim Anziehen kühl an und wärmt dann mit. Keine Ahnung ob das Absicht ist, ich finde es angenehm.","5","Sophie Hoffmann","2025-08-26","Body Fee"
"","Ich bin empfindlich am Bauch nach einer OP und vertrage kaum Bänder. Das Bündchen liegt so flach, dass es geht.","5","Lena Lorenz","2026-07-29","Hipster Tilda"
"","Weich, leicht, gut. Mehr muss ich dazu nicht sagen.","5","Meike Köhler","2025-11-17","Hipster Tilda"
"","Der Stoff ist toll. Die Farbe Nebelgrau ist deutlich grüner als auf dem Foto, das fand ich erst irritierend.","4","Sarah Fischer","2026-05-11","Slip Greta (2er-Pack)"
"","Zweite Haut trifft es ziemlich genau, auch wenn das ein abgenutzter Vergleich ist.","5","Katharina S.","2026-01-03","Panty Marla"
"","ich hasse unterwäsche shopping und das hier hat es tatsächlich erledigt","5","Hannah Brandt","2025-08-12","Soft-Bralette Ida"
"","Seit März im Wechsel mit zwei anderen, also grob 40 Waschgänge. Sieht aus wie am ersten Tag.","5","Clara Roth","2026-01-23","Hipster Tilda"
"","Ich habe das erste Teil vor 14 Monaten gekauft und trage es noch. Die Farbe ist minimal blasser, die Form komplett erhalten.","5","Felix Schmidt","2025-11-24","Slip Greta"
"","Nähte halten, Gummi hält, nichts leiert. Bei dem Preis erwarte ich das aber auch.","4","Anna Müller","2025-11-24","Soft-Bralette Ida"
"","Nach etwa 20 Wäschen leichtes Pilling am Bund. Nicht dramatisch, aber bei 39 Euro hatte ich es nicht erwartet.","3","Lena S.","2026-04-28","Pyjama-Set Luna"
"","wäsche bei 30 grad, trocknen an der luft, nach einem jahr noch top","5","Steffi Winter","2026-07-16","Bustier Nel"
"","Meine drei ältesten Teile sind aus 2025 und noch im Einsatz. Meine Billig-Slips von vorher waren nach drei Monaten durch.","5","Meike Brandt","2025-10-27","Hipster Tilda"
"","Das Bündchen hat sich bei einem der beiden Teile nach ein paar Monaten gedehnt, beim anderen nicht. Vielleicht Zufall.","3","Yasmin Huber","2026-01-28","Pyjama-Set Luna"
"","Ich bin Krankenschwester und wasche jeden Tag. Das ist der härteste Test den man einem Teil antun kann und es hält.","5","Meike Kaiser","2026-04-07","Bustier Nel"
"","Kleine Löcher an der Seitennaht nach etwa einem halben Jahr. Support hat sofort ersetzt, deshalb trotzdem vier Sterne.","4","Simone B.","2025-12-04","Hipster Tilda"
"","Trocknergeeignet laut Etikett und ich habe es getestet. Keine Veränderung.","5","Jonas B.","2025-10-31","Soft-Bralette Ida"
"","form bleibt, farbe bleibt, mehr will ich nicht","5","Tanja K.","2026-03-29","Pyjama-Set Luna"
"","Verarbeitung ist auf einem Niveau, das ich sonst nur von deutlich teureren Marken kenne.","5","Jonas Simon","2025-08-28","Bralette Ida"
"","Nach dem dritten Waschen war ein Faden lose. Habe ihn abgeschnitten, seitdem nichts mehr. Trotzdem erwähnenswert.","4","Bettina Schmidt","2026-06-26","Bustier Nel"
"","Ich habe im Januar zwei gekauft und im Juli nochmal vier. Das sagt vermutlich mehr als jede Bewertung.","5","Annika Lange","2026-01-15","Hipster Tilda"
"","Achtung, fällt kleiner aus. Ich habe normal 38 und brauchte hier M, nicht S.","3","Heike Peters","2026-06-08","Bralette Ida"
"","fällt definitiv kleiner aus als gedacht, eine nummer größer bestellen","3","Pia Lorenz","2025-11-16","Panty Marla"
"","Die Größentabelle stimmt bei mir nicht. Laut Tabelle S, gepasst hat M.","3","Kathrin Fischer","2026-06-18","Bustier Nel"
"","Musste einmal tauschen weil zu eng. Der Tausch lief unkompliziert, danach perfekt. Deshalb trotzdem vier Sterne.","4","Verena Lange","2026-06-09","Panty Marla"
"","Ich würde jedem raten, im Zweifel die größere Größe zu nehmen. Bei mir war es genau der Unterschied.","4","Franziska S.","2025-06-01","Panty Marla"
"","Bin zwischen zwei Größen und habe die kleinere genommen. Fehler.","2","Carola Müller","2026-03-23","Bustier Nel"
"","Sitzt eng am Unterbrustband. Wer es lieber lockerer mag, sollte eine Nummer höher gehen.","4","Laura Vogel","2026-07-09","Body Fee"
"","Der Slip passt, das Bralette war zu klein. Innerhalb einer Marke hätte ich mit gleicher Größe gerechnet.","3","Laura Hoffmann","2026-02-22","Soft-Bralette Ida"
"","Habe nach der Größenberatung im Chat bestellt und es hat auf Anhieb gepasst. Ohne die Beratung hätte ich falsch gegriffen.","5","Bettina Brandt","2026-04-16","Panty Marla"
"","zu klein. schade. rückgabe war aber einfach","2","Verena Werner","2026-07-12","Triangel-BH Romy"
"","Ich finde die Größenangaben eher sportlich geschnitten, das sollte auf der Produktseite deutlicher stehen.","3","Kathrin Köhler","2026-03-27","Pyjama-Set Luna"
"","Bei 80C hat L gepasst, obwohl die Tabelle M sagt. Vielleicht hilft das jemandem.","4","Svenja Schmidt","2025-06-20","Body Fee"
"","Nicht günstig. Ich habe trotzdem nachgekauft, und das ist bei mir selten.","5","Hannah Brandt","2025-09-15","Bralette Ida"
"","39 Euro für einen Slip ist viel. Ich rechne aber mittlerweile in Trägetagen und da geht es auf.","4","Annika Kaiser","2026-05-13","Bralette Ida"
"","Der Preis hat mich zwei Wochen zögern lassen. Rückblickend hätte ich es sofort kaufen sollen.","5","Petra Weber","2026-03-22","Hipster Tilda"
"","Teuer, aber ich kaufe seltener und ärgere mich weniger. Rechnet sich für mich.","5","Christina Roth","2026-05-09","Panty Marla"
"","Für die Qualität in Ordnung. Für mein Budget trotzdem an der Grenze, ich warte auf Aktionen.","4","Michael Seidel","2026-05-17","Hipster Tilda"
"","ehrlich gesagt zu teuer für mich. produkt ist gut, nur nicht in meinem rahmen","3","Heike Simon","2026-04-06","Slip Greta (2er-Pack)"
"","Ich vergleiche immer mit Uniqlo. Dort zahle ich ein Drittel und es hält ein Drittel so lange. Passt also.","5","Simone Vogel","2026-04-03","Panty Marla"
"","Habe im Sale zugeschlagen und würde jetzt auch zum Vollpreis wieder kaufen.","5","Nina M.","2026-07-12","Soft-Bralette Ida"
"","Schlicht, ohne Schnörkel, ohne Glitzer. Genau deshalb habe ich es gekauft.","5","Lisa Wagner","2026-07-06","Bustier Nel"
"","Die Spitze am Rand ist wirklich schön gemacht, ich habe das im Bild unterschätzt.","5","Jonas Wagner","2025-08-24","Soft-Bralette Ida"
"","Sieht unter weissen Blusen nicht durch, das war mein Hauptkriterium.","5","Britta Peters","2025-07-31","Slip Greta"
"","Farbe Terracotta ist ein Traum und deutlich wärmer als auf dem Bildschirm.","5","Yasmin Fischer","2025-06-24","Soft-Bralette Ida"
"","sehr elegant für etwas das keiner sieht. ich weiss es aber","5","Marie Kaiser","2025-12-17","Bustier Nel"
"","Ich fühle mich darin schlicht besser. Klingt kitschig, ist aber der Hauptgrund für den Wiederkauf.","5","Sandra Seidel","2026-03-26","Slip Greta"
"","Optisch top. Die Naht vorne mittig finde ich einen Hauch zu sichtbar unter ganz enger Kleidung.","4","Svenja B.","2026-04-25","Slip Greta (2er-Pack)"
"","Habe die schwarze und die nudefarbene. Die nude ist unter Hellem tatsächlich unsichtbar.","5","Kerstin Brandt","2026-05-08","Panty Marla"
"","Design ist zurückhaltend und genau das wollte ich. Keine Logos, kein Marketing am Körper.","5","Sarah Werner","2026-03-03","Hipster Tilda"
"","Ich habe es angezogen, bin zwölf Stunden unterwegs gewesen und habe abends festgestellt, dass ich nicht einmal daran gedacht habe.","5","Mareike Neumann","2025-12-28","Panty Marla"
"","Zeichnet sich unter einem engen Kleid nicht ab. Getestet auf einer Hochzeit, also unter Beobachtung.","5","Sarah Schmidt","2025-10-29","Slip Greta"
"","Büro, Fahrrad, Abendessen, alles mit demselben Teil. Genau so soll das sein.","5","Sophie Kaiser","2025-07-24","Soft-Bralette Ida"
"","unterm blazer, im homeoffice, beim schlafen. ich habe aufgehört zu wechseln","5","Anna Winter","2026-06-06","Soft-Bralette Ida"
"","Für lange Flüge perfekt, nichts drückt beim Sitzen.","5","Nadine Becker","2025-11-19","Slip Greta (2er-Pack)"
"","Ich habe es beim Umzug getragen, also Kisten schleppen. Nichts verrutscht, nichts gescheuert.","5","Bettina Müller","2026-07-29","Bralette Ida"
"","Im Alltag angenehm, beim Sport zu wenig Halt. Ist auch nicht als Sport-BH ausgewiesen, nur zur Info.","4","Rike Krüger","2025-06-15","Panty Marla"
"","Gekommen wegen dem Gewissen, geblieben wegen dem Komfort. So müsste das immer laufen.","5","Nadine Köhler","2025-09-15","Bustier Nel"
"","Toll dass die Wäsche klimaneutral produziert wird, das war für mich der Ausschlag.","5","Bettina Becker","2025-12-13","Bralette Ida"
"","Die Verpackung ist komplett plastikfrei, sogar das Klebeband ist Papier. Kleine Sache, fällt mir aber auf.","5","Clara K.","2026-06-06","Body Fee"
"","Ich dachte das ist made in Germany? Auf dem Etikett steht Portugal. Nicht schlimm, aber ich hatte es anders verstanden.","4","Yasmin K.","2026-05-16","Bustier Nel"
"","Ein GOTS-Siegel wäre noch das i-Tüpfelchen, sonst top.","4","Nadine B.","2026-03-22","Bralette Ida"
"","Ich kaufe bewusster ein und achte auf Lieferketten. Hier findet man die Infos wenigstens ohne zu suchen.","5","Kerstin Schulz","2026-06-04","Panty Marla"
"","nachhaltig UND bequem gibts selten. hier passt es","5","Simone Roth","2026-05-14","Hipster Tilda"
"","Retoure war in drei Tagen erledigt und das Geld direkt zurück. So macht Umtauschen fast Spass.","5","Bettina Winter","2025-06-19","Bralette Ida"
"","Habe am Sonntag geschrieben und Montag früh eine Antwort von einem Menschen bekommen, nicht von einem Bot.","5","Sophie Müller","2026-02-02","Bustier Nel"
"","Versand hat neun Tage gedauert, das war zu lang. Produkt selbst ist super, deshalb drei Sterne.","3","Annika Winter","2026-06-04","Bustier Nel"
"","Liebevoll verpackt mit einer handgeschriebenen Karte. Ich weiss, das skaliert nicht, aber es hat gewirkt.","5","Hannah Peters","2025-12-13","Slip Greta"
"","Paket kam beschädigt an, Ersatz war zwei Tage später da. Ohne Diskussion.","4","Mareike Köhler","2026-01-07","Slip Greta"
"","Für meine Schwester zum Geburtstag gekauft. Sie hat sich am nächsten Tag selbst zwei nachbestellt.","5","Yasmin Fischer","2026-03-27","Pyjama-Set Luna"
"","Als Geschenk für meine Frau, sie war begeistert und ich bin jetzt kurzzeitig der Held.","5","Franziska Wagner","2026-02-17","Triangel-BH Romy"
"","Verschenkt und dann heimlich selbst anprobiert. Jetzt haben wir beide eins.","5","Thomas Peters","2025-10-13","Body Fee"
"","Geschenkverpackung war schön, aber 4,90 extra dafür finde ich happig.","4","Kathrin Kaiser","2026-01-30","Panty Marla"
"","Mein Mann hat gefragt ob ich beim Friseur war. Nein. Neue Unterwäsche.","5","Hannah Hoffmann","2025-10-21","Body Fee"
"","Ich wollte einen Slip testen und jetzt ist meine halbe Schublade von euch. Schickt Hilfe oder einen Rabattcode.","5","Heike Roth","2025-11-13","Slip Greta"
"","Ich schreibe normalerweise keine Bewertungen weil ich zu faul bin. Hier sitze ich jetzt und tippe. Macht was ihr wollt mit dieser Information.","5","Carola Hoffmann","2025-08-05","Soft-Bralette Ida"
"","Kleiner Tipp: kauft nicht nur eins. Sonst ist Waschtag ein emotionales Problem.","5","Britta Neumann","2025-07-09","Body Fee"
"","Peinlich aber wahr: Ich habe Wäschekauf jahrelang gehasst wie Steuererklärung. Das hier war der erste Kauf, der Spass gemacht hat.","5","Carola Lorenz","2025-07-13","Bustier Nel"
"","Habe es meiner Mutter gezeigt. Sie ist 68 und hat sich zwei bestellt. Wir reden jetzt über Unterwäsche, danke dafür.","5","Melanie Becker","2025-07-22","Bralette Ida"
"","Ich habe das Teil aus der Wäsche gefischt und wieder angezogen, weil ich nicht auf das andere warten wollte. Bin ich stolz drauf? Nein.","5","Steffi Vogel","2026-02-14","Triangel-BH Romy"
"","Meine Katze hat sich draufgelegt und will nicht runter. Sie hat Geschmack.","5","Nadine Köhler","2025-12-27","Bustier Nel"
"","Alles top, sehr zufrieden.","5","Pia Hoffmann","2026-02-21","Pyjama-Set Luna"
"","Alles top, sehr zufrieden.","5","Petra Brandt","2026-07-18","Bralette Ida"
"","Bin begeistert, gerne wieder!","5","Felix Weber","2025-07-14","Slip Greta"
"","Bin begeistert, gerne wieder!","5","Simone S.","2026-04-05","Triangel-BH Romy"
"","Super Qualität, tolle Passform.","5","Lena Seidel","2026-04-27","Panty Marla"
"","Super Qualität, tolle Passform.","5","Bettina Lange","2026-02-03","Slip Greta (2er-Pack)"
"","Sehr bequem.","5","Franziska Müller","2026-04-10","Triangel-BH Romy"
"","Sehr bequem.","5","Annika Lange","2026-03-18","Soft-Bralette Ida"
"","Sehr bequem.","4","Kerstin B.","2026-05-27","Body Fee"
"","Wie beschrieben, danke.","5","Doro Fischer","2026-02-24","Triangel-BH Romy"
"","Wie beschrieben, danke.","5","Steffi Müller","2026-06-03","Body Fee"
"","Passt, danke!","5","Jonas Becker","2026-04-14","Slip Greta (2er-Pack)"
"","Empfehlung.","5","Kathrin Kaiser","2025-08-24","Bralette Ida"
"","Top!","5","Steffi Lorenz","2025-06-21","Triangel-BH Romy"
"","Gerne wieder.","5","Christina Winter","2025-07-07","Slip Greta"
"","Gerne wieder.","5","Annika Krüger","2025-10-14","Bralette Ida"
"","Schnelle Lieferung, gute Ware.","5","Lisa Neumann","2025-12-02","Body Fee"
"","Schnelle Lieferung, gute Ware.","5","Elif Peters","2025-12-02","Body Fee"
"","Sitzt gut, fällt aber klein aus.","4","Petra M.","2025-12-14","Bustier Nel"
"","Guter Stoff.","5","Felix Roth","2025-11-20","Body Fee"
"","Sehr schön.","5","Sarah Becker","2025-06-13","Bustier Nel"
"","Bequem und schön.","5","Marie Fischer","2026-03-11","Bralette Ida"
"","Toller BH! Bei Fragen zu Bestellung S483920 erreicht ihr mich unter anna.mueller@gmail.com.","5","Clara Hoffmann","2026-04-20","Slip Greta"
"","Passt super. Meine Bestellnummer war E291837, Umtausch lief top. Ruft gern an: 0176 4483920.","5","Annika Köhler","2025-06-07","Bustier Nel"
"","Sehr schön, mehr Fotos auf meinem Blog https://annas-wäsche-tagebuch.de","5","Michael Köhler","2026-07-12","Soft-Bralette Ida"
"","Rückerstattung bitte auf DE89 3704 0044 0532 0130 00, danke.","4","Laura Weber","2026-07-24","Hipster Tilda"
"","***********","5","Melanie Seidel","2026-05-22","Pyjama-Set Luna"
"","(redacted)","5","Christina Müller","2025-07-19","Body Fee"
"","ok","5","Sandra Schmidt","2025-10-01","Hipster Tilda"
"","👍👍👍","5","Nadine Roth","2026-02-24","Panty Marla"
"","gut","5","Michael B.","2026-02-19","Pyjama-Set Luna"
"",".","5","Laura K.","2025-08-07","Slip Greta"
"","-","5","Pia Krüger","2025-12-15","Slip Greta (2er-Pack)"
"","test","5","Steffi Peters","2026-03-09","Panty Marla"
"","Tolles Produkt, gerne wieder. Schnelle Lieferung, alles bestens.","5","Laura Vogel","2026-05-23","Slip Greta"
"","Tolles Produkt, gerne wieder. Schnelle Lieferung, alles bestens.","5","Felix Peters","2025-07-25","Hipster Tilda"
"","Tolles Produkt, gerne wieder. Schnelle Lieferung, alles bestens.","5","Elif Müller","2026-01-17","Bustier Nel"
"","Tolles Produkt, gerne wieder. Schnelle Lieferung, alles bestens.","5","Steffi Vogel","2025-06-29","Body Fee"
"","Tolles Produkt, gerne wieder. Schnelle Lieferung, alles bestens.","5","Steffi Hoffmann","2026-05-21","Soft-Bralette Ida"
"","Tolles Produkt, gerne wieder. Schnelle Lieferung, alles bestens.","5","Michael Werner","2026-06-15","Body Fee"
"","Tolles Produkt, gerne wieder. Schnelle Lieferung, alles bestens.","5","Pia Winter","2025-09-26","Body Fee"
"","Tolles Produkt, gerne wieder. Schnelle Lieferung, alles bestens.","5","Britta Müller","2025-07-23","Soft-Bralette Ida"
"","Tolles Produkt, gerne wieder. Schnelle Lieferung, alles bestens.","5","Sarah Seidel","2025-07-21","Bralette Ida"
"","Tolles Produkt, gerne wieder. Schnelle Lieferung, alles bestens.","5","Tanja Roth","2025-09-13","Bralette Ida"
"","Tolles Produkt, gerne wieder. Schnelle Lieferung, alles bestens.","5","Kerstin Köhler","2026-03-18","Bustier Nel"
"","Tolles Produkt, gerne wieder. Schnelle Lieferung, alles bestens.","5","Laura Wagner","2026-01-19","Hipster Tilda"
"","Tolles Produkt, gerne wieder. Schnelle Lieferung, alles bestens.","5","Svenja Krüger","2026-01-21","Bustier Nel"
"","Tolles Produkt, gerne wieder. Schnelle Lieferung, alles bestens.","5","Simone Krüger","2025-10-31","Slip Greta (2er-Pack)"
"","Tolles Produkt, gerne wieder. Schnelle Lieferung, alles bestens.","5","Sandra M.","2025-09-10","Slip Greta (2er-Pack)"
"","Tolles Produkt, gerne wieder. Schnelle Lieferung, alles bestens.","5","Michael Lange","2026-01-28","Body Fee"
"","Tolles Produkt, gerne wieder. Schnelle Lieferung, alles bestens.","5","Petra Vogel","2025-12-22","Hipster Tilda"
"","Tolles Produkt, gerne wieder. Schnelle Lieferung, alles bestens.","5","Nadine Werner","2026-03-22","Body Fee"
"","Tolles Produkt, gerne wieder. Schnelle Lieferung, alles bestens.","5","Anna Becker","2026-04-20","Triangel-BH Romy"
"","Tolles Produkt, gerne wieder. Schnelle Lieferung, alles bestens.","5","Julia Peters","2026-07-01","Soft-Bralette Ida"
"","Tolles Produkt, gerne wieder. Schnelle Lieferung, alles bestens.","5","Thomas Roth","2026-01-20","Bustier Nel"
"","Tolles Produkt, gerne wieder. Schnelle Lieferung, alles bestens.","5","Michael S.","2025-06-24","Pyjama-Set Luna"
"","Tolles Produkt, gerne wieder. Schnelle Lieferung, alles bestens.","5","Tanja Lange","2025-07-08","Hipster Tilda"
"","Tolles Produkt, gerne wieder. Schnelle Lieferung, alles bestens.","5","Lisa Becker","2025-11-05","Slip Greta"
"","Tolles Produkt, gerne wieder. Schnelle Lieferung, alles bestens.","5","Carola Müller","2025-11-17","Hipster Tilda"
"","Tolles Produkt, gerne wieder. Schnelle Lieferung, alles bestens.","5","Bettina Simon","2025-06-23","Hipster Tilda"